{
    "AA": [
        35.72756143620833,
        6.943755326305673,
        -154,
        0.06,
        0.6,
        0
    ],
    "AC": [
        36.822987288449326,
        -6.32916850447684,
        143,
        1.3,
        5,
        0
    ],
    "AG": [
        29.092205603721172,
        12.213019873629394,
        2,
        1.5,
        3,
        0
    ],
    "AT": [
        32.856852495456685,
        -0.08201697381191542,
        0,
        1.1,
        2,
        0
    ],
    "CA": [
        35.10871351358355,
        -27.889740055088915,
        -64,
        0.9,
        34,
        0
    ],
    "CC": [
        33.680678714272325,
        3.3632783138152305,
        -57,
        0.07,
        2.1,
        0
    ],
    "CG": [
        26.178788245775795,
        7.057193478722759,
        0,
        1.1,
        1.5,
        0
    ],
    "CT": [
        29.092205603721172,
        12.213019873629394,
        -2,
        1.5,
        3,
        0
    ],
    "GA": [
        35.13055424771529,
        -5.463288100219893,
        120,
        0.9,
        6,
        0
    ],
    "GC": [
        38.172975436315895,
        7.270418885083747,
        180,
        1.2,
        1.275,
        0
    ],
    "GG": [
        33.680678714272325,
        3.3632783138152305,
        57,
        0.07,
        2.1,
        0
    ],
    "GT": [
        36.822987288449326,
        -6.32916850447684,
        -143,
        1.3,
        5,
        0
    ],
    "TA": [
        37.25910554957571,
        -1.0332812137562182,
        0,
        1.1,
        2,
        0
    ],
    "TC": [
        35.13055424771529,
        -5.463288100219893,
        -120,
        0.9,
        6,
        0
    ],
    "TG": [
        35.10871351358355,
        -27.889740055088915,
        64,
        0.9,
        34,
        0
    ],
    "TT": [
        35.72756143620833,
        6.943755326305673,
        154,
        0.06,
        0.6,
        0
    ]
}